{
	"info": {
		"_postman_id": "dd110cdf-9994-4de2-9ba9-3464d0d05e4e",
		"name": "DataDrivenAPITesting",
		"schema": "https://schema.getpostman.com/json/collection/v2.1.0/collection.json",
		"_exporter_id": "35149030"
	},
	"item": [
		{
			"name": "ReqResPostUsingDataDriven",
			"event": [
				{
					"listen": "test",
					"script": {
						"exec": [
							"pm.test(\"Status code is 201\", function () {\r",
							"    pm.response.to.have.status(201);\r",
							"});\r",
							"\r",
							"pm.test(\"Post Request\", function () {\r",
							"    var jsonData = pm.response.json();\r",
							"    pm.expect(jsonData.id).to.be.not.null;\r",
							"});"
						],
						"type": "text/javascript",
						"packages": {}
					}
				}
			],
			"request": {
				"method": "POST",
				"header": [],
				"body": {
					"mode": "raw",
					"raw": "{\r\n    \"name\": \"{{name}}\",\r\n    \"job\": \"{{job}}\"\r\n}",
					"options": {
						"raw": {
							"language": "json"
						}
					}
				},
				"url": {
					"raw": "{{BaseURI}}/api/users",
					"host": [
						"{{BaseURI}}"
					],
					"path": [
						"api",
						"users"
					]
				}
			},
			"response": []
		}
	],
	"event": [
		{
			"listen": "prerequest",
			"script": {
				"type": "text/javascript",
				"packages": {},
				"exec": [
					""
				]
			}
		},
		{
			"listen": "test",
			"script": {
				"type": "text/javascript",
				"packages": {},
				"exec": [
					""
				]
			}
		}
	],
	"variable": [
		{
			"key": "BaseURI",
			"value": "https://reqres.in",
			"type": "string"
		}
	]
}